Name,CountryCode,Population
A CoruÃ±a (La CoruÃ±a),ESP,243402
Aalborg,DNK,161161
Abadan,IRN,206073
Abbotsford,CAN,105403
Aberdeen,GBR,213070
Abiko,JPN,126670
Abohar,IND,107163
Abu Dhabi,ARE,398695
Accra,GHA,1070000
Achalpur,IND,96216
Acheng,CHN,197595
Adamstown,PCN,42
Adana,TUR,1131198
Addis Abeba,ETH,2495000
Adelaide,AUS,978100
Adiyaman,TUR,141529
Adoni,IND,136182
Afyon,TUR,103984
Agadir,MAR,155244
Agartala,IND,157358
AgaÃ±a,GUM,1139
Agra,IND,891790
Ahmadpur East,PAK,96000
Ahmedabad,IND,2876710
Ahome,MEX,358663
Ahvaz,IRN,804980
Aix-en-Provence,FRA,134222
Aizawl,IND,155240
Aizuwakamatsu,JPN,119287
Ajman,ARE,114395
Ajmer,IND,402700
Akashi,JPN,292253
Akishima,JPN,106914
Akita,JPN,314440
Akola,IND,328034
Akure,NGA,162300
Alagoinhas,BRA,126820
Alanya,TUR,117300
Albacete,ESP,147527
Alberton,ZAF,410102
AlcalÃ¡ de Henares,ESP,164463
AlcorcÃ³n,ESP,142048
Alessandria,ITA,90289
Alexandria,EGY,3328196
Alger,DZA,2168000
Alicante [Alacant],ESP,272432
Aligarh,IND,480520
Alkmaar,NLD,92713
Allahabad,IND,792858
Allappuzha (Alleppey),IND,174666
Almaty,KAZ,1129400
Almirante Brown,ARG,538918
Alor Setar,MYS,124412
Alvorada,BRA,175574
Alwar,IND,205086
Amadora,PRT,122106
Amagasaki,JPN,481434
Ambala,IND,122596
Ambala Sadar,IND,90712
Ambato,ECU,169612
Ambattur,IND,215424
Ambon,IDN,249312
Americana,BRA,177409
Amersfoort,NLD,126270
Amman,JOR,1000000
Amol,IRN,159092
Amoy [Xiamen],CHN,627500
Amravati,IND,421576
Amritsar,IND,708835
Amsterdam,NLD,731200
Anaheim,USA,328014
Anantapur,IND,174924
Ancona,ITA,98329
Andimeshk,IRN,106923
Andria,ITA,94443
Angeles,PHL,263971
Angra dos Reis,BRA,96864
Anjo,JPN,153823
Ankang,CHN,142170
Anqing,CHN,250718
Ansan,KOR,510314
Anshan,CHN,1200000
Antipolo,PHL,470866
AntsirabÃ©,MDG,120239
Antwerpen,BEL,446525
Anyang,CHN,420332
AnÃ¡polis,BRA,282197
Aomori,JPN,295969
Apopa,SLV,88800
Aqsu,CHN,164092
Aqtau,KAZ,143400
Aracaju,BRA,445555
Arad,ROM,184408
Araguari,BRA,98399
AraguaÃ­na,BRA,114948
Arak,IRN,380755
Arapiraca,BRA,178988
Araras,BRA,101046
Arayat,PHL,101792
AraÂ´ar,SAU,108100
AraÃ§atuba,BRA,169303
Ardebil,IRN,340386
Arequipa,PER,762000
Arica,CHL,189036
Armavir,RUS,164900
Armenia,COL,288977
Arnhem,NLD,138020
Arrah (Ara),IND,157082
Asahikawa,JPN,364813
Asaka,JPN,114815
Asansol,IND,262188
Ashdod,ISR,155800
Ashikaga,JPN,165243
Asmara,ERI,431000
Assuan,EGY,219017
Astana,KAZ,311200
Asyut,EGY,343498
Athenai,GRC,772072
Atibaia,BRA,100356
Atsugi,JPN,212407
AtÅ¡insk,RUS,121600
Augsburg,DEU,254867
Avadi,IND,183215
Avarua,COK,11900
Avellaneda,ARG,353046
Awka,NGA,111200
Aydin,TUR,128651
Babol,IRN,158346
Bacabal,BRA,93121
Bacolod,PHL,429076
Bacoor,PHL,305699
Badajoz,ESP,136613
Badalona,ESP,209635
Bafoussam,CMR,131000
Baghdad,IRQ,4336000
Bago,PHL,141721
Baguio,PHL,252386
BagÃ©,BRA,120793
Bahawalnagar,PAK,109600
Bahraich,IND,135400
BahÃ­a Blanca,ARG,239810
Bairiki,KIR,2226
Bakersfield,USA,247057
Baku,AZE,1787800
Balikpapan,IDN,338752
Baliuag,PHL,119675
Bally,IND,184474
Balti,MDA,153400
Balurghat,IND,119796
Bamako,MLI,809552
Bamenda,CMR,138000
Banda Aceh,IDN,143409
Bandar-e Anzali,IRN,98500
Bandar-e-Abbas,IRN,273578
Bangalore,IND,2660088
Banha,EGY,145792
Bani Suwayf,EGY,172032
Banjarmasin,IDN,482931
Banjul,GMB,42326
Bansberia,IND,93447
Banyuwangi,IDN,89900
Baoding,CHN,483155
Baoji,CHN,337765
Baotou,CHN,980000
Baquba,IRQ,114516
Barakaldo,ESP,98212
Barasat,IND,107365
Barbacena,BRA,113079
Barcelona,VEN,322267
Barinas,VEN,217831
Barletta,ITA,91904
Barra Mansa,BRA,168953
Barra do PiraÃ­,BRA,89388
Barrackpur,IND,133265
Barrancabermeja,COL,178020
Barretos,BRA,104156
Barueri,BRA,208426
Basildon,GBR,100924
Basirhat,IND,101409
Basra,IRQ,406296
Basse-Terre,GLP,12433
Batam,IDN,91871
Batna,DZA,183377
Battambang,KHM,129800
Batumi,GEO,137700
Bauru,BRA,313670
Bayambang,PHL,96609
Baybay,PHL,95630
Beerseba,ISR,163700
Beihai,CHN,112673
Beipiao,CHN,194301
BeiÂ´an,CHN,204899
Bekasi,IDN,644300
Belfast,GBR,287500
Belford Roxo,BRA,425194
Belize City,BLZ,55810
Bellary,IND,245391
Bello,COL,333470
Bene Beraq,ISR,133900
Bengbu,CHN,449245
Bengkulu,IDN,146439
Beni-Mellal,MAR,140212
Benin City,NGA,229400
Bento GonÃ§alves,BRA,89254
Benxi,CHN,770000
Beograd,YUG,1204000
Beppu,JPN,127486
Berazategui,ARG,276916
Berdjansk,UKR,130000
Berhampore (Baharampur),IND,115144
Bern,CHE,122700
Betim,BRA,302108
Bhagalpur,IND,253225
Bharatpur,IND,148519
Bharuch (Broach),IND,133102
Bhatinda (Bathinda),IND,159042
Bhatpara,IND,304952
Bhavnagar,IND,402338
Bhilai,IND,386159
Bhilwara,IND,183965
Bhimavaram,IND,121314
Bhind,IND,109755
Bhir (Bid),IND,112434
Bhiwandi,IND,379070
Bhopal,IND,1062771
Bhubaneswar,IND,411542
Bhusawal,IND,145143
Bidar,IND,108016
Bihar Sharif,IND,201323
Bikaner,IND,416289
Bikenibeu,KIR,5055
Bilaspur,IND,179833
Bilbao,ESP,357589
Binjai,IDN,127222
Binzhou,CHN,133555
Biratnagar,NPL,157764
Birigui,BRA,94685
Birkenhead,GBR,93087
Birmingham,GBR,1013000
Biskra,DZA,128281
Bislig,PHL,97860
Bismil,TUR,101400
BiÃ±an,PHL,201186
Blackburn,GBR,140000
Blackpool,GBR,151000
Blantyre,MWI,478155
Blida (el-Boulaida),DZA,127284
Blumenau,BRA,244379
Boa Vista,BRA,167185
Bobo-Dioulasso,BFA,300000
Boca del RÃ­o,MEX,135721
Bogor,IDN,285114
Bogra,BGD,120170
Bojnurd,IRN,134835
Bokaro Steel City,IND,333683
Bologna,ITA,381161
Boma,COD,135284
Bonn,DEU,301048
Bordeaux,FRA,215363
Bose,CHN,93009
Boston,USA,589141
Botshabelo,ZAF,177971
Bottrop,DEU,121097
Boulogne-Billancourt,FRA,106367
Bournemouth,GBR,162000
Bozhou,CHN,106346
Brahmanbaria,BGD,109032
Brahmapur,IND,210418
Brakpan,ZAF,171363
Brampton,CAN,296711
Brasov,ROM,314225
BrasÃ­lia,BRA,1969868
Brazzaville,COG,950000
Breda,NLD,160398
Bremen,DEU,540330
Brest,BLR,286000
Brighton,GBR,156124
Brindisi,ITA,93454
Bristol,GBR,402000
Brownsville,USA,139722
Brugge,BEL,116246
Bruxelles [Brussel],BEL,133859
Bucaramanga,COL,515555
Budapest,HUN,1811552
Budaun,IND,116695
Buenaventura,COL,224336
Buga,COL,110699
Bukan,IRN,120020
Bukavu,COD,201569
Bulandshahr,IND,127201
Bulaq al-Dakrur,EGY,148787
Burgos,ESP,162802
Burhanpur,IND,172710
Burlington,CAN,145150
Burnaby,CAN,179209
Butuan,PHL,267279
Buzau,ROM,148372
BÃ¦rum,NOR,101340
BÃ©char,DZA,107311
Cabo de Santo Agostinho,BRA,149964
Cabuyao,PHL,106630
Cachoeiro de Itapemirim,BRA,155024
Cadiz,PHL,141954
Caen,FRA,113987
Cagliari,ITA,165926
Caguas,PRI,140502
Cainta,PHL,242511
Calapan,PHL,105910
Calbayog,PHL,147187
Calcutta [Kolkata],IND,4399819
Calgary,CAN,768082
Cali,COL,2077386
Cam Pha,VNM,209086
CamagÃ¼ey,CUB,298726
Camaragibe,BRA,118968
CamaÃ§ari,BRA,149146
CametÃ¡,BRA,92779
Campina Grande,BRA,352497
Campinas,BRA,950043
Campo Grande,BRA,649593
Campos dos Goytacazes,BRA,398418
Canberra,AUS,322723
Cangzhou,CHN,242708
Canoas,BRA,294125
Cape Town,ZAF,2352121
Caracas,VEN,1975294
Cariacica,BRA,319033
Cartagena,COL,805757
Cartago,COL,125884
Caruaru,BRA,244247
CarÃºpano,VEN,119639
Casablanca,MAR,2940623
Cascavel,BRA,237510
Castanhal,BRA,127634
Catanduva,BRA,107761
Catania,ITA,337862
Catanzaro,ITA,96700
Cauayan,PHL,103952
Caucaia,BRA,238738
Cavite,PHL,99367
Cayenne,GUF,50699
Central Coast,AUS,227657
Centro (Villahermosa),MEX,519873
Cesena,ITA,89852
Chalco,MEX,222201
Champdani,IND,98818
Chandannagar,IND,120378
Chandigarh,IND,504094
Chandrapur,IND,226105
Changde,CHN,301276
Changji,CHN,132260
Changshu,CHN,181805
Changzhi,CHN,317144
Changzhou,CHN,530000
Chaozhou,CHN,313469
ChapecÃ³,BRA,144158
Chapra,IND,136877
Charleroi,BEL,200827
Chatsworth,ZAF,189885
Chelmsford,GBR,97451
Cheltenham,GBR,106000
Chengde,CHN,246799
Chengdu,CHN,3361500
Chennai (Madras),IND,3841396
Chenzhou,CHN,169400
Chhindwara,IND,93731
Chiayi,TWN,265109
Chiba,JPN,863930
Chifeng,CHN,350077
Chihuahua,MEX,670208
Chimoio,MOZ,171056
Chinhae,KOR,125997
Chishtian Mandi,PAK,101700
Chittagong,BGD,1392860
Chittoor,IND,133462
Chofu,JPN,201585
Chong-up,KOR,139111
Chongqing,CHN,6351600
Chonju,KOR,563153
ChorzÃ³w,POL,121708
Chungli,TWN,318649
ChÃ¤rjew,TKM,189200
Cibinong,IDN,101300
Ciego de Ãvila,CUB,98505
Cilacap,IDN,206900
Cilegon,IDN,117000
Cimahi,IDN,344600
Cimanggis,IDN,205100
Ciomas,IDN,187400
Ciparay,IDN,111500
Ciputat,IDN,270800
Citeureup,IDN,105100
Ciudad de Guatemala,GTM,823301
Cixi,CHN,107329
Cluj-Napoca,ROM,332498
Coatzacoalcos,MEX,267037
Cochabamba,BOL,482800
Cochin (Kochi),IND,564589
Cockburn Town,TCA,4800
CodÃ³,BRA,103153
Coimbatore,IND,816321
Colatina,BRA,107354
Colombo,LKA,645000
Colorado Springs,USA,360890
Columbia,USA,116278
Columbus,USA,186291
Conakry,GIN,1090610
Concepcion,PHL,115171
ConcepciÃ³n,CHL,217664
Concord,USA,121780
Concordia,ARG,116485
Conselheiro Lafaiete,BRA,97507
Constantine,DZA,443727
Contagem,BRA,520801
CopiapÃ³,CHL,120128
Coquitlam,CAN,101820
CorumbÃ¡,BRA,90111
Cosoleacaque,MEX,97199
Cotabato,PHL,163849
Cotia,BRA,140042
Cotonou,BEN,536827
Coventry,GBR,304000
Crawley,GBR,97000
CriciÃºma,BRA,167661
CuautitlÃ¡n Izcalli,MEX,452976
Cuautla,MEX,153132
CubatÃ£o,BRA,102372
Cuddalore,IND,153086
Cuddapah,IND,121463
Cuenca,ECU,270353
CuiabÃ¡,BRA,453813
CuliacÃ¡n,MEX,744859
CuricÃ³,CHL,115766
Curitiba,BRA,1584232
CÃ³rdoba,ARG,1157507
CÃºcuta,COL,606932
Dagupan,PHL,130328
Daito,JPN,130594
Dali,CHN,136554
Dalian,CHN,2697000
Damanhur,EGY,212203
Daqing,CHN,660000
Daraga (Locsin),PHL,101031
Darbhanga,IND,218391
DasmariÃ±as,PHL,379520
Davao,PHL,1147116
DaÂ´an,CHN,138963
Dehra Dun,IND,270159
Delft,NLD,95268
Delhi Cantonment,IND,94326
Delicias,MEX,116132
Delmas,HTI,240429
Delta,CAN,95411
Denpasar,IDN,435000
Depok,IDN,365200
Dera Ghazi Khan,PAK,188100
Derbent,RUS,92300
Dese,ETH,97314
Deyang,CHN,182488
Dezful,IRN,202639
Dezhou,CHN,195485
Dhule (Dhulia),IND,278317
Diadema,BRA,335078
Dibrugarh,IND,120127
Digos,PHL,125171
Dinajpur,BGD,127815
Dindigul,IND,182477
Dipolog,PHL,99862
Dire Dawa,ETH,164851
Disuq,EGY,91300
DivinÃ³polis,BRA,185047
Djibouti,DJI,383000
Dniprodzerzynsk,UKR,270000
Dobric,BGR,100399
Dongtai,CHN,192247
Dongwan,CHN,308669
Dongying,CHN,281728
Donostia-San SebastiÃ¡n,ESP,179208
Dordrecht,NLD,119811
Dos Hermanas,ESP,94591
Dos Quebradas,COL,159363
Douala,CMR,1448300
Douglas,GBR,23487
Dourados,BRA,164716
Dubai,ARE,669181
Dublin,IRL,481854
Dudley,GBR,192171
Dujiangyan,CHN,123357
Dumaguete,PHL,102265
Dundee,GBR,146690
Dunedin,NZL,119600
Duque de Caxias,BRA,746758
Durban,ZAF,566120
Durg,IND,150645
Durgapur,IND,425836
Duyun,CHN,132971
DÃ¼ren,DEU,91092
East London,ZAF,221047
East York,CAN,114034
Eastbourne,GBR,90000
Ebetsu,JPN,118805
Ebina,JPN,115571
Ecatepec de Morelos,MEX,1620303
Ech-Chleff (el-Asnam),DZA,96794
Ede,NLD,101574
Edinburgh,GBR,450180
Edmonton,CAN,616306
Eindhoven,NLD,201843
Ejigbo,NGA,105900
Ekibastuz,KAZ,127200
El Araich,MAR,90400
Elche [Elx],ESP,193174
ElÃ¢zig,TUR,228815
Embu,BRA,222223
Enschede,NLD,149544
Enshi,CHN,93056
Enugu,NGA,316100
Envigado,COL,135848
Epe,NGA,101000
Erode,IND,159232
Escobar,ARG,116675
Eslamshahr,IRN,265450
Esmeraldas,ECU,123045
Essen,DEU,599515
Etawah,IND,124072
EunÃ¡polis,BRA,96610
Exeter,GBR,111000
Ezeiza,ARG,99578
Ezhou,CHN,190123
Fagatogo,ASM,2323
Faizabad,IND,124437
Fargona,UZB,180500
Faridabad,IND,703592
Farrukhabad-cum-Fatehgarh,IND,194567
Feira de Santana,BRA,479992
Fengcheng,CHN,193784
Fengyuan,TWN,161032
Ferrara,ITA,132127
Ferraz de Vasconcelos,BRA,139283
Firenze,ITA,376662
Firozabad,IND,215128
Flint,USA,124943
Florencia,COL,108574
Florencio Varela,ARG,315432
FlorianÃ³polis,BRA,281928
Floridablanca,COL,221913
Foggia,ITA,154891
ForlÃ¬,ITA,107475
Formosa,ARG,147636
Fort Worth,USA,534694
Fortaleza,BRA,2097757
Foshan,CHN,303160
Foz do IguaÃ§u,BRA,259425
Francistown,BWA,101805
Freiburg im Breisgau,DEU,202455
Fuchu,JPN,220576
Fuenlabrada,ESP,171173
Fuji,JPN,231527
Fujieda,JPN,126897
Fujin,CHN,103104
Fujisawa,JPN,372840
Fukaya,JPN,102156
Fukuyama,JPN,376921
Fuling,CHN,173878
Funabashi,JPN,545299
Fushun,CHN,1200000
Fuxin,CHN,640000
Fuyang,CHN,179572
Fuzhou,CHN,1593800
FÃ¼rth,DEU,109771
Gaborone,BWA,213017
Gadag Betigeri,IND,134051
Gandhidham,IND,104585
Gandhinagar,IND,123359
Ganganagar,IND,161482
Ganzhou,CHN,220129
Garden Grove,USA,165196
Garut,IDN,95800
Gaya,IND,291675
Gazipur,BGD,96717
Gdansk,POL,458988
Gdynia,POL,253521
Geelong,AUS,125382
General Mariano Alvarez,PHL,112446
General San MartÃ­n,ARG,422542
Gent,BEL,224180
George,ZAF,93818
George Town,CYM,19600
Georgetown,GUY,254000
Gera,DEU,114718
Germiston,ZAF,164252
Getafe,ESP,145371
Ghaziabad,IND,454156
Ghulja,CHN,177193
Gibraltar,GIB,27025
Gifu,JPN,408007
GijÃ³n,ESP,267980
Gilbert,USA,109697
Gillingham,GBR,92000
Giron,COL,90688
Giza,EGY,2221868
Gjumri,ARM,211700
Gliwice,POL,212164
Gloucester,CAN,107314
Gloucester,GBR,107000
Godhra,IND,96813
GoiÃ¢nia,BRA,1056330
Goma,COD,109094
Gonbad-e Qabus,IRN,111253
Gongziling,CHN,226569
Gorakhpur,IND,505566
Gorgan,IRN,188710
Gothenburg [GÃ¶teborg],SWE,466990
Granada,ESP,244767
Graz,AUT,240967
Grenoble,FRA,153317
Grimsby,GBR,89000
Groningen,NLD,172701
Guadalupe,MEX,108881
Guarapuava,BRA,160510
GuaratinguetÃ¡,BRA,103433
Guarenas,VEN,165889
GuarujÃ¡,BRA,237206
Guarulhos,BRA,1095874
Guasave,MEX,277201
Guayaquil,ECU,2070040
GuaymallÃ©n,ARG,200595
Guaymas,MEX,130108
GuaÃ­ba,BRA,92224
Gudivada,IND,101656
Guelph,CAN,103593
Guigang,CHN,114025
Guilin,CHN,364130
Gujranwala,PAK,1124749
Gujrat,PAK,250121
Gulbarga,IND,304099
Guntur,IND,471051
Gurgaon,IND,128608
Guwahati (Gauhati),IND,584342
Gwalior,IND,690765
GÃ¤ncÃ¤,AZE,299300
GÃ¶ttingen,DEU,124775
GÃ¼tersloh,DEU,95028
Haag,NLD,440900
Haarlem,NLD,148772
Haarlemmermeer,NLD,110722
Habikino,JPN,118968
Habra,IND,100223
Haeju,PRK,229172
Hagonoy,PHL,111425
Haicheng,CHN,205560
Hailun,CHN,133565
Haining,CHN,100478
Haldia,IND,100347
Haldwani-cum-Kathgodam,IND,104195
Halifax,CAN,113910
Halifax,GBR,91069
Halisahar,IND,114028
Hamamatsu,JPN,568796
Hamhung,PRK,709730
Hami,CHN,161315
Hamilton,BMU,1200
Hamilton,CAN,335614
Handa,JPN,108600
Hangzhou,CHN,2190500
Hanoi,VNM,1410000
Hanzhong,CHN,169930
Haora (Howrah),IND,950435
Harbin,CHN,4289800
Hardwar (Haridwar),IND,147305
Harkova [Harkiv],UKR,1500000
Hassan,IND,90803
Hat Yai,THA,148632
Hazaribag,IND,97712
Hebi,CHN,212976
Hefei,CHN,1369100
Hegang,CHN,520000
Heidelberg,DEU,139672
Helsingborg,SWE,117737
Hengshui,CHN,104269
Hengyang,CHN,487148
Hermosillo,MEX,608697
Heze,CHN,189293
Higashiosaka,JPN,517785
Himeji,JPN,475167
Hims,SYR,507404
Hindupur,IND,104651
Hino,JPN,166770
Hiratsuka,JPN,254207
Hirosaki,JPN,177522
Hiroshima,JPN,1119117
Hisar (Hissar),IND,172677
Hitachinaka,JPN,148006
Hobart,AUS,126118
Hodeida,YEM,298500
Hohhot,CHN,916700
Hong Gai,VNM,127484
Honghu,CHN,190772
Hongjiang,CHN,116188
Honiara,SLB,50100
HortolÃ¢ndia,BRA,135755
Hoshiarpur,IND,122705
Hospet,IND,96322
Hradec KrÃ¡lovÃ©,CZE,98080
Huaibei,CHN,366549
Huaihua,CHN,126785
Huainan,CHN,700000
Huaiyin,CHN,239675
HuaiÂ´an,CHN,131149
Hualien,TWN,108407
Huambo,AGO,163100
Huangshan,CHN,102628
Huangshi,CHN,457601
Huangyan,CHN,89288
Huddersfield,GBR,143726
Huelva,ESP,140583
Hugli-Chinsurah,IND,151806
Huizhou,CHN,161023
Hurlingham,ARG,170028
Huzhou,CHN,218071
HuÃ¡nuco,PER,129688
Hyesan,PRK,178020
Ibaraki,JPN,261020
Ibarra,ECU,130643
Ibb,YEM,103300
IbiritÃ©,BRA,125982
Ica,PER,194820
Ichihara,JPN,279280
Ichikawa,JPN,441893
Idfu,EGY,94200
Iguala de la Independencia,MEX,123883
Iida,JPN,107583
Ikare,NGA,140800
Ikoma,JPN,111645
Ikorodu,NGA,184900
Iksan,KOR,322685
Ila,NGA,264000
Ilam,IRN,126346
IlhÃ©us,BRA,254970
Iligan,PHL,285061
Iloilo,PHL,365820
Imabari,JPN,119357
Imperatriz,BRA,224564
Imus,PHL,195482
Inazawa,JPN,98746
Indaiatuba,BRA,135968
Indore,IND,1091674
Ingraj Bazar (English Bazar),IND,139204
Innsbruck,AUT,111752
Ipswich,GBR,114000
Iquique,CHL,177892
Iquitos,PER,367000
Irbil,IRQ,485968
Isahaya,JPN,93058
Ise,JPN,101732
Isehara,JPN,98123
Isesaki,JPN,123285
Ishinomaki,JPN,120963
Isparta,TUR,121911
Istanbul,TUR,8787958
ItaboraÃ­,BRA,173977
Itabuna,BRA,182148
ItagÃ¼Ã­,COL,228985
Itaituba,BRA,101320
Itami,JPN,190886
Itapetininga,BRA,119391
Itu,BRA,132736
Ituiutaba,BRA,90507
Izmit (Kocaeli),TUR,210068
Izumi,JPN,166979
JaboatÃ£o dos Guararapes,BRA,558680
Jacobina,BRA,96131
Jaffna,LKA,149000
Jahrom,IRN,94200
Jaipur,IND,1458483
Jakarta,IDN,9604900
Jakutsk,RUS,195400
Jalandhar (Jullundur),IND,509510
Jalgaon,IND,242193
Jalna,IND,174985
Jamestown,SHN,1500
Jammu,IND,214737
Jamnagar,IND,341637
JaraguÃ¡ do Sul,BRA,102580
Jaunpur,IND,136062
Jaya Pura,IDN,94700
JaÃº,BRA,109965
JequiÃ©,BRA,179128
Jerez de la Frontera,ESP,182660
Jerusalem,ISR,633700
Jessentuki,RUS,97900
Jessore,BGD,139710
Jevpatorija,UKR,112000
Jhansi,IND,300850
Jhelum,PAK,145800
Jiangmen,CHN,230587
Jiangyin,CHN,213659
Jiangyou,CHN,175753
Jiaohe,CHN,176367
Jiaonan,CHN,121397
Jiaozuo,CHN,409100
Jieyang,CHN,98531
Jilin,CHN,1040000
Jinan,CHN,2278100
Jinchang,CHN,105287
Jincheng,CHN,136396
Jingdezhen,CHN,281183
Jinhua,CHN,144280
Jining,CHN,265248
Jinmen,CHN,160794
Jinzhou,CHN,570000
Jirja,EGY,95400
Jiutai,CHN,180130
JiÂ´an,CHN,148583
Jodhpur,IND,666279
Joetsu,JPN,133505
Johannesburg,ZAF,756653
Joinville,BRA,428011
Jokohama [Yokohama],JPN,3339594
Jombang,IDN,92600
JosÃ© C. Paz,ARG,221754
JoÃ£o Pessoa,BRA,584029
Juazeiro,BRA,201073
Juazeiro do Norte,BRA,199636
Junan,CHN,90222
JundÃ­aÃ­,BRA,296127
JuÃ¡rez,MEX,1217818
Kabankalan,PHL,149769
Kabul,AFG,1780000
Kadoma,JPN,138953
Kaduna,NGA,342200
Kafr al-Dawwar,EGY,231978
Kafr al-Shaykh,EGY,124819
Kaifeng,CHN,510000
Kaiserslautern,DEU,100025
Kaiyuan,CHN,124219
Kakamigahara,JPN,131831
Kakogawa,JPN,266281
Kalemie,COD,101309
Kaliningrad,RUS,424400
Kalookan,PHL,1177604
Kalyan,IND,1014557
Kamagaya,JPN,100821
Kamakura,JPN,167661
Kamarhati,IND,266889
Kameoka,JPN,92398
Kananga,COD,393030
Kanazawa,JPN,455386
Kanchipuram,IND,150100
Kanchrapara,IND,100194
Kano,NGA,674100
Kanpur,IND,1874409
Kanpur Cantonment,IND,93109
Kanton [Guangzhou],CHN,4256300
Kanuma,JPN,93053
Karawang,IDN,145000
Karbala,IRQ,296705
Kars,TUR,93000
Kashiwa,JPN,320296
Kashiwazaki,JPN,91229
Kasugai,JPN,282348
Kasukabe,JPN,201838
Katowice,POL,345934
Kawachinagano,JPN,119666
Kawagoe,JPN,327211
Kawaguchi,JPN,452155
Kawanishi,JPN,149794
Kawasaki,JPN,1217359
Kayseri,TUR,475657
KecskemÃ©t,HUN,105606
Kediri,IDN,253760
Keelung (Chilung),TWN,385201
Kelang,MYS,243355
Kelowna,CAN,89442
Kendari,IDN,94800
Kerman,IRN,384991
Kermanshah,IRN,692986
Khandwa,IND,145133
Kharagpur,IND,177989
Khomeynishahr,IRN,165888
Khorramabad,IRN,272815
Khoy,IRN,148944
Khujand,TJK,161500
Khulna,BGD,663340
Kidapawan,PHL,101205
Kimberley,ZAF,197254
Kimchaek,PRK,179000
Kimchon,KOR,147027
Kimhae,KOR,256370
Kimitsu,JPN,93216
Kingston,JAM,103962
Kingston upon Hull,GBR,262000
Kingstown,VCT,17100
Kinshasa,COD,5064000
Kioto,JPN,1461974
Kirov,RUS,466200
Kiryu,JPN,118326
Kiseljovsk,RUS,110000
Kishiwada,JPN,197276
Kisumu,KEN,192733
Kitakyushu,JPN,1016264
Kitami,JPN,111295
Kitchener,CAN,189959
Kitwe,ZMB,288600
Klagenfurt,AUT,91141
Klerksdorp,ZAF,261911
Knoxville,USA,173890
Kobe,JPN,1425139
Kofu,JPN,199753
Koganei,JPN,110969
Kokubunji,JPN,106996
Kolhapur,IND,406370
Kolwezi,COD,417810
Komaki,JPN,139827
Komatsu,JPN,107937
Komsomolsk-na-Amure,RUS,291600
Konan,JPN,95521
Korba,IND,124501
Koriyama,JPN,330335
Korla,CHN,159344
Korolev,RUS,132400
Koror,PLW,12000
Koshigaya,JPN,301446
Kostjantynivka,UKR,95000
Kota,IND,537371
Kota Bharu,MYS,219582
Koudougou,BFA,105000
Kowloon and New Kowloon,HKG,1987996
KoÅ¡ice,SVK,241874
Kragujevac,YUG,147305
KrakÃ³w,POL,738150
Kramatorsk,UKR,186000
Krasnyi LutÅ¡,UKR,101000
Krefeld,DEU,241769
Ksar el Kebir,MAR,107065
Kuala Lumpur,MYS,1297526
Kuching,MYS,148059
Kueishan,TWN,112195
Kukatpalle,IND,185378
Kumasi,GHA,385192
Kumbakonam,IND,139483
Kumo,NGA,148000
Kunming,CHN,1829500
Kupang,IDN,129300
Kurashiki,JPN,425103
Kure,JPN,206504
Kurnool,IND,236800
Kusatsu,JPN,106232
Kushiro,JPN,197608
Kuwait,KWT,28859
Kuwana,JPN,106121
Kwangmyong,KOR,350914
Kyongju,KOR,272968
Kyzyl,RUS,101100
KÃ¶kshetau,KAZ,123400
KÃ¸benhavn,DNK,495699
La Ceiba,HND,89200
La Matanza,ARG,1266461
La Paz,BOL,758141
La Rioja,ARG,138117
La Romana,DOM,140204
La Serena,CHL,137409
La Spezia,ITA,95504
Lagos,NGA,1518000
Lagos de Moreno,MEX,127949
Laizhou,CHN,198664
Lakewood,USA,144126
Lalbahadur Nagar,IND,155500
LambarÃ©,PRY,99681
Lancaster,USA,118718
Langfang,CHN,148105
Lanzhou,CHN,1565800
LanÃºs,ARG,469735
Laoag,PHL,94466
Laohekou,CHN,123366
Larisa,GRC,113090
Las Palmas de Gran Canaria,ESP,354757
Lashio (Lasho),MMR,107600
Latina,ITA,114099
Latur,IND,197408
Lauro de Freitas,BRA,109236
Le Mans,FRA,146105
Le-Cap-HaÃ¯tien,HTI,102233
Lecce,ITA,98208
Leeds,GBR,424194
LeganÃ©s,ESP,173163
Legazpi,PHL,157010
Legnica,POL,109335
Leicester,GBR,294000
Leipzig,DEU,489532
Leiyang,CHN,130115
Lengshuijiang,CHN,137994
Lerdo,MEX,112272
Lerma,MEX,99714
Les Abymes,GLP,62947
Leshan,CHN,341128
LeÃ³n,ESP,139809
Lhasa,CHN,120000
Lhokseumawe,IDN,109600
Liangcheng,CHN,156307
Lianyuan,CHN,118858
Lianyungang,CHN,354139
Liaoyang,CHN,492559
Liaoyuan,CHN,354141
Liepaja,LVA,89439
Ligao,PHL,90603
Likasi,COD,299118
Lille,FRA,184657
Lincoln,USA,225581
Linfen,CHN,187309
Linhares,BRA,106278
LinkÃ¶ping,SWE,133168
Linqing,CHN,123958
Linyi,CHN,324720
Lipa,PHL,218447
Lipetsk,RUS,521000
LiuÂ´an,CHN,144248
Liverpool,GBR,461000
Livonia,USA,100545
Livorno,ITA,161673
Lleida (LÃ©rida),ESP,112207
Lobito,AGO,130000
LomÃ©,TGO,375000
London,GBR,7285000
London,CAN,339917
Long Beach,USA,461522
Longjing,CHN,139417
Longyan,CHN,134481
Longyearbyen,SJM,1438
Los Angeles,CHL,158215
Los Cabos,MEX,105199
Loudi,CHN,128418
Lowell,USA,105167
Luanda,AGO,2022000
Luanshya,ZMB,118100
Lubao,PHL,125699
Lubbock,USA,199564
Lucknow,IND,1619115
Ludwigshafen am Rhein,DEU,163771
Lund,SWE,98948
Luohe,CHN,126438
Luoyang,CHN,760000
Luton,GBR,183000
Luxor,EGY,360503
Luzhou,CHN,262892
LuziÃ¢nia,BRA,125597
LÃ¡zaro CÃ¡rdenas,MEX,170878
Maastricht,NLD,122087
Mabalacat,PHL,171045
Macao,MAC,437500
MacapÃ¡,BRA,256033
MacaÃ©,BRA,125597
Machakos,KEN,116293
Machala,ECU,210368
Machilipatnam (Masulipatam),IND,159110
Macon,USA,113336
Macuspana,MEX,133795
Madison,USA,208054
Madrid,ESP,2879052
Maebashi,JPN,284473
Magelang,IDN,123800
MagÃ©,BRA,196147
Mahbubnagar,IND,116833
Maidstone,GBR,90878
Maizuru,JPN,94784
Majalaya,IDN,93200
Makati,PHL,444867
Makurdi,NGA,123100
Malabo,GNQ,40000
Malabon,PHL,338855
Malang,IDN,716862
Malasiqui,PHL,113190
Malatya,TUR,330312
Malaybalay,PHL,123672
Malayer,IRN,144373
Malita,PHL,100000
Mallawi,EGY,119283
Malungon,PHL,93232
Malvinas Argentinas,ARG,290335
Managua,NIC,959000
Manaus,BRA,1255049
Manchester,GBR,430000
Mandaluyong,PHL,278474
Mandasor,IND,95758
Mandaue,PHL,259728
Mandya,IND,120265
Mango,IND,110024
Manta,ECU,164739
Manzhouli,CHN,120023
Maoming,CHN,178683
Mar del Plata,ARG,512880
MarabÃ¡,BRA,167795
MaracanaÃº,BRA,162022
Maragheh,IRN,132318
Marawi,PHL,131090
Marbella,ESP,101144
Maribor,SVN,115532
Marikina,PHL,391170
MaringÃ¡,BRA,286461
Markham,CAN,189098
Maroua,CMR,143000
Marseille,FRA,798430
MartÃ­nez de la Torre,MEX,118815
Marv Dasht,IRN,103579
MarÃ­lia,BRA,188691
Masaya,NIC,88971
Mashhad,IRN,1887405
Masqat,OMN,51969
Matadi,COD,172730
Mataram,IDN,306600
MatarÃ³,ESP,104095
Mathura,IND,226691
Matola,MOZ,424662
Matsubara,JPN,135010
Matsumoto,JPN,206801
Matsusaka,JPN,123582
Matsuyama,JPN,466133
Maunath Bhanjan,IND,136697
MauÃ¡,BRA,375055
Maxixe,MOZ,93985
MayagÃ¼ez,PRI,98434
Mazar-e-Sharif,AFG,127800
Mbuji-Mayi,COD,806475
Mdantsane,ZAF,182639
Medan,IDN,1843919
MedellÃ­n,COL,1861265
Meerut,IND,753778
Meerut Cantonment,IND,94876
Meihekou,CHN,209038
Meixian,CHN,132156
Mekele,ETH,96938
Mekka,SAU,965700
Melbourne,AUS,2865329
Melipilla,CHL,91056
Mendoza,ARG,123027
Mersin (IÃ§el),TUR,587212
Meru,KEN,94947
Messina,ITA,259156
Metairie,USA,149428
Metepec,MEX,194265
Mianyang,CHN,262947
Miaoli,TWN,90000
Midnapore (Medinipur),IND,125498
Midsayap,PHL,105760
Milagro,ECU,124177
Milano,ITA,1300977
Mingora,PAK,174500
MingÃ¤Ã§evir,AZE,93900
Minoo,JPN,127026
Miraj,IND,125407
Miryang,KOR,121501
Mirzapur-cum-Vindhyachal,IND,169336
Mishan,CHN,132744
Mishima,JPN,109699
Misrata,LBY,121669
Mit Ghamr,EGY,101801
Mito,JPN,246559
Miyakonojo,JPN,133183
Mobara,JPN,91664
Modena,ITA,176022
Modinagar,IND,101660
Moers,DEU,106837
Moga,IND,108304
Moji das Cruzes,BRA,339194
Moji-GuaÃ§u,BRA,123782
Mojokerto,IDN,96626
Monaco-Ville,MCO,1234
Monrovia,LBR,850000
Mons,BEL,90935
MonterÃ­a,COL,248245
MontrÃ©al,CAN,1016376
Monza,ITA,119516
Morena,IND,147124
Moriguchi,JPN,155941
Morioka,JPN,287353
Morogoro,TZA,117800
Morvi,IND,90357
MossorÃ³,BRA,214901
Mostaganem,DZA,115212
Mosul,IRQ,879000
Mount Darwin,ZWE,164362
Mumbai (Bombay),IND,10500000
Munich [MÃ¼nchen],DEU,1194560
Murwara (Katni),IND,163431
Musashino,JPN,134426
Muzaffargarh,PAK,121600
Muzaffarnagar,IND,240609
Mwene-Ditu,COD,137459
Myingyan,MMR,103600
Mykolajiv,UKR,508000
Mymensingh,BGD,188713
MytiÅ¡tÅ¡i,RUS,155700
MÃ¡laga,ESP,530553
MÃ¼lheim an der Ruhr,DEU,173895
MÃ¼nster,DEU,264670
Nablus,PSE,100231
Nadiad,IND,167051
Naga,PHL,137810
Nagano,JPN,361391
Nagaoka,JPN,192407
Nagar Coil,IND,190084
Nagoya,JPN,2154376
Naha,JPN,299851
Nairobi,KEN,2290000
Najafabad,IRN,178498
Najran,SAU,91000
Nakhon Ratchasima,THA,181400
Nakuru,KEN,163927
Namangan,UZB,370500
Namibe,AGO,118200
Nampo,PRK,566200
Namur,BEL,105419
Namwon,KOR,103544
Namyangju,KOR,229060
Nanchang,CHN,1691600
Nanchong,CHN,180273
Nanded (Nander),IND,275083
Nanking [Nanjing],CHN,2870300
Nanning,CHN,1161800
Nantes,FRA,270251
Naogaon,BGD,101266
Naperville,USA,128358
Nara,JPN,362812
Narayanganj,BGD,202134
Nashik (Nasik),IND,656925
Nassau,BHS,172000
Nasugbu,PHL,96113
Navadwip,IND,125037
Navolato,MEX,145396
Navotas,PHL,230403
Navsari,IND,126089
Nawabganj,BGD,130577
Nazret,ETH,127842
Neijiang,CHN,256012
Neiva,COL,300052
Nellore,IND,316606
Nepean,CAN,115100
Netanya,ISR,154900
NeuquÃ©n,ARG,167296
New Bombay,IND,307297
Newcastle,AUS,270324
Newport,GBR,139000
Neyveli,IND,118080
Nigel,ZAF,96734
Niigata,JPN,497464
Niiza,JPN,147744
Nijmegen,NLD,152463
NilÃ³polis,BRA,153383
Ningbo,CHN,1371200
Nishinomiya,JPN,397618
Nishio,JPN,100032
NiterÃ³i,BRA,459884
Nizamabad,IND,241034
Niznevartovsk,RUS,233900
NiÅ¡,YUG,175391
Noda,JPN,121030
Noida,IND,146514
North Barrackpur,IND,100513
North Dum Dum,IND,149965
North Shore,NZL,187700
North York,CAN,622632
Norwalk,USA,103298
Norwich,GBR,124000
Nottingham,GBR,287000
NoumÃ©a,NCL,76293
NouÃ¢dhibou,MRT,97600
Nova Friburgo,BRA,170697
Nova IguaÃ§u,BRA,862225
Novi Sad,YUG,179626
Novo Hamburgo,BRA,239940
Novomoskovsk,RUS,138100
Novopolotsk,BLR,106000
NovotÅ¡erkassk,RUS,184400
Numazu,JPN,211382
Nuuk,GRL,13445
Nyeri,KEN,91258
Oakland,USA,399484
Oakville,CAN,139192
Oaxaca de JuÃ¡rez,MEX,256848
Oberhausen,DEU,222349
Obihiro,JPN,173685
Ocumare del Tuy,VEN,97168
Odesa,UKR,1011000
Odessa,USA,89293
Offenbach am Main,DEU,116627
Ogaki,JPN,151758
Oita,JPN,433401
Okayama,JPN,624269
Okinawa,JPN,117748
Oldbury/Smethwick (Warley),GBR,145542
Olinda,BRA,354732
Olmalik,UZB,114900
Olomouc,CZE,102702
Olongapo,PHL,194260
Omdurman,SDN,1271403
Omuta,JPN,142889
Ongole,IND,100836
Onitsha,NGA,371900
Onomichi,JPN,93756
Opole,POL,129553
Oradea,ROM,222239
Orai,IND,98640
Oral,KAZ,195500
Oran,DZA,609823
Oruro,BOL,223553
Osaka,JPN,2595674
Osasco,BRA,659604
Osh,KGZ,222700
Osijek,HRV,104761
Oslo,NOR,508726
Osorno,CHL,141468
Ota,JPN,145317
Otaru,JPN,155784
OthÃ³n P. Blanco (Chetumal),MEX,208014
Ottawa,CAN,335277
Oujda,MAR,365382
Oulu,FIN,120753
Ourense (Orense),ESP,109120
Ourinhos,BRA,96291
Ovalle,CHL,94854
Oviedo,ESP,200453
Oxford,GBR,144000
Oyama,JPN,152820
Ozamis,PHL,110420
Paarl,ZAF,105768
Pabna,BGD,103277
Padang,IDN,534474
Padang Sidempuan,IDN,91200
Padova,ITA,211391
Palayankottai,IND,97662
Palembang,IDN,1222764
Palermo,ITA,683794
Palghat (Palakkad),IND,123289
Pallavaram,IND,111866
Palma de Mallorca,ESP,326993
Palmas,BRA,121919
Pamplona [IruÃ±a],ESP,180483
Panabo,PHL,133950
Pangkal Pinang,IDN,124000
Panihati,IND,275990
Panipat,IND,215218
Panjin,CHN,362773
Panzhihua,CHN,415466
Parakou,BEN,103577
ParanaguÃ¡,BRA,126076
ParanÃ¡,ARG,207041
ParaÃ±aque,PHL,449811
Parbhani,IND,190255
Parma,ITA,168717
Parnamirim,BRA,96210
ParnaÃ­ba,BRA,129756
Pasay,PHL,354908
Pasig,PHL,505058
Passos,BRA,98570
Pasto,COL,332396
Pasuruan,IDN,134019
Patan,IND,96109
Patiala,IND,238368
Patna,IND,917243
Patos,BRA,90519
Patos de Minas,BRA,119262
Paulista,BRA,248473
Pavlodar,KAZ,300500
Pegu (Bago),MMR,190900
Pekalongan,IDN,301504
Pekan Baru,IDN,438638
Peking,CHN,7472000
Pemalang,IDN,103500
Pematang Siantar,IDN,203056
Percut Sei Tuan,IDN,129000
Pereira,COL,381725
Peristerion,GRC,137288
Perth,AUS,1096829
Pesaro,ITA,88987
Pescara,ITA,115698
Petah Tiqwa,ISR,159400
Petropavl,KAZ,203500
PetrÃ³polis,BRA,279183
Phnom Penh,KHM,570155
Phoenix,USA,1321045
Phyongsong,PRK,272934
Piacenza,ITA,98384
Piatra Neamt,ROM,125070
Pietermaritzburg,ZAF,370190
Pilar,ARG,113428
Pilibhit,IND,106605
Pinar del RÃ­o,CUB,142100
Pindamonhangaba,BRA,121904
Pinetown,ZAF,378810
Pingchen,TWN,188344
Pingdingshan,CHN,410775
Pingdu,CHN,150123
Pingliang,CHN,99265
Pingxiang,CHN,425579
Pingyi,CHN,89373
Pinhais,BRA,98198
Piracicaba,BRA,319104
Pisa,ITA,92379
Piura,PER,325000
Plovdiv,BGR,342584
Podgorica,YUG,135000
Pointe-Noire,COG,500000
Pondicherry,IND,203065
Pondok Aren,IDN,92700
Pondokgede,IDN,263200
Ponta Grossa,BRA,268013
Pontianak,IDN,409632
Poole,GBR,141000
PopayÃ¡n,COL,200719
Porbandar,IND,116671
Port Elizabeth,ZAF,752319
Port Harcourt,NGA,410000
Port Moresby,PNG,247000
Port Sudan,SDN,308195
Port-au-Prince,HTI,884472
Port-of-Spain,TTO,43396
Portmore,JAM,99799
Porto Alegre,BRA,1314032
Porto Velho,BRA,309750
Porto-Novo,BEN,194000
Portsmouth,GBR,190000
Posadas,ARG,201273
Potchefstroom,ZAF,101817
Potsdam,DEU,128983
Pouso Alegre,BRA,100028
PoÃ§os de Caldas,BRA,129683
Praha,CZE,1181126
Praia,CPV,94800
Pretoria,ZAF,658630
Prizren,YUG,92303
Probolinggo,IDN,120770
Pueblo,USA,102121
Puente Alto,CHL,386236
Puerto Montt,CHL,152194
Puerto Princesa,PHL,161912
Puerto Vallarta,MEX,183741
Pune,IND,1566651
Puno,PER,101578
Punta Arenas,CHL,125631
Puqi,CHN,117264
Puri,IND,125199
Purnea (Purnia),IND,114912
Purulia,IND,92574
Purwakarta,IDN,95900
Pusan,KOR,3804522
Putian,CHN,91030
Puyang,CHN,175988
Pyongyang,PRK,2484000
PÃ¡nuco,MEX,90551
Qaemshahr,IRN,143286
Qandahar,AFG,237500
Qarchak,IRN,142690
Qashqar,CHN,174570
Qazvin,IRN,291117
Qianjiang,CHN,205504
Qidong,CHN,126872
Qina,EGY,171275
Qingyuan,CHN,164641
Qinhuangdao,CHN,364972
Qiqihar,CHN,1070000
Qitaihe,CHN,214957
Qom,IRN,777677
Qomsheh,IRN,89800
Qostanay,KAZ,221400
Quanzhou,CHN,185154
Queimados,BRA,115020
Quetzaltenango,GTM,90801
Quevedo,ECU,129631
Quezon,PHL,2173831
Quilmes,ARG,559249
Qutubullapur,IND,105380
Quzhou,CHN,112373
QuÃ©bec,CAN,167264
Qyzylorda,KAZ,157400
Rae Bareli,IND,129904
Rafsanjan,IRN,98300
Rahim Yar Khan,PAK,228479
Raiganj,IND,151045
Raigarh,IND,89166
Raipur,IND,438639
Raj Nandgaon,IND,125371
Rajahmundry,IND,324851
Rajapalaiyam,IND,114202
Raleigh,USA,276093
Ramagundam,IND,214384
Ramat Gan,ISR,126900
Rampur,IND,243742
Ranchi,IND,599306
Randburg,ZAF,341288
Randfontein,ZAF,120838
Rangpur,BGD,191398
Rasht,IRN,417748
Raurkela Civil Township,IND,140408
Ravenna,ITA,138418
Rawalpindi,PAK,1406214
Reading,GBR,148000
Reggio di Calabria,ITA,179617
Reggio nellÂ´ Emilia,ITA,143664
Rehovot,ISR,90300
Renqiu,CHN,114256
Resistencia,ARG,229212
Rewa,IND,128981
ReykjavÃ­k,ISL,109184
Reynosa,MEX,419776
RibeirÃ£o Pires,BRA,108121
RibeirÃ£o das Neves,BRA,232685
Richmond,CAN,148867
Richmond Hill,CAN,116428
Rimini,ITA,131062
Rio Verde,BRA,107755
Rio de Janeiro,BRA,5598953
Rishon Le Ziyyon,ISR,188200
Rishra,IND,102649
Rizhao,CHN,185048
Road Town,VGB,8000
Roanoke,USA,93357
Rochdale,GBR,94313
Roma,ITA,2643581
RondonÃ³polis,BRA,155115
Roodepoort,ZAF,279340
Rosario,ARG,907718
Roseau,DMA,16243
Rotherham,GBR,121380
Roubaix,FRA,96984
Roxas,PHL,126352
Ruda Slaska,POL,159665
Rudnyy,KAZ,109500
RuiÂ´an,CHN,156468
Ruse,BGR,166467
Rustavi,GEO,155400
RÃ­o Cuarto,ARG,134355
RÃ­obamba,ECU,123163
Saanich,CAN,101388
SaarbrÃ¼cken,DEU,183836
Sabadell,ESP,184859
Saga,JPN,170034
Sagamihara,JPN,586300
Sagar,IND,195346
Saharanpur,IND,374945
Saidpur,BGD,96777
Saint Catharines,CAN,136216
Saint George,BMU,1800
Saint JohnÂ´s,ATG,24000
Saint-Denis,REU,131480
Saint-Louis,SEN,132400
Sakai,JPN,797735
Sakarya (Adapazari),TUR,190641
Sakata,JPN,101651
Sakura,JPN,168072
Salala,OMN,131813
Salamanca,MEX,226864
Salatiga,IDN,103000
Salem,USA,136924
Salem,IND,366712
Salt Lake City,USA,181743
Salta,ARG,367550
Salvador,BRA,2302832
Salvatierra,MEX,94322
Salzburg,AUT,144247
Samarinda,IDN,399175
Sambalpur,IND,131138
Sambhal,IND,150869
San AndrÃ©s Tuxtla,MEX,142251
San Bernardo,CHL,241910
San Carlos,PHL,154264
San Felipe,MEX,95305
San Felipe de Puerto Plata,DOM,89423
San Fernando,PHL,221857
San Fernando,ARG,153036
San Fernando del Valle de Cata,ARG,134935
San Francisco,USA,776733
San Francisco del RincÃ³n,MEX,100149
San Isidro,ARG,306341
San Jose,PHL,108254
San Juan,PRI,434374
San Marino,SMR,2294
San Mateo,PHL,135603
San Miguel,SLV,127696
San Miguel,ARG,248700
San Miguel de TucumÃ¡n,ARG,470809
San NicolÃ¡s de los Arroyos,ARG,119302
San Pablo,PHL,207927
San Pedro,PHL,231403
San Pedro Garza GarcÃ­a,MEX,126147
San Pedro de MacorÃ­s,DOM,124735
San Pedro de la Paz,CHL,91684
San Rafael,ARG,94651
San Salvador,SLV,415346
San Salvador de Jujuy,ARG,178748
Sanaa,YEM,503600
Sanda,JPN,105643
Sanmenxia,CHN,120523
Santa Ana,SLV,139389
Santa BÃ¡rbara dÂ´Oeste,BRA,171657
Santa Coloma de Gramenet,ESP,120802
Santa Cruz,PHL,92694
Santa Cruz de Tenerife,ESP,213050
Santa Cruz de la Sierra,BOL,935361
Santa Cruz do Sul,BRA,106734
Santa FÃ©,ARG,353063
Santa Luzia,BRA,164704
Santa Maria,PHL,144282
Santa Marta,COL,359147
Santa Rita,BRA,113135
Santa Rosa,PHL,185633
Santana do Livramento,BRA,91779
SantarÃ©m,BRA,241771
Santiago,PHL,110531
Santiago de Chile,CHL,4703954
Santiago de los Caballeros,DOM,365463
Santipur,IND,109956
Santo Domingo de los Colorados,ECU,202111
Santos,BRA,408748
Sanya,CHN,102820
Sapucaia do Sul,BRA,120217
Saqqez,IRN,115394
Sarajevo,BIH,360000
Saratov,RUS,874000
Sargodha,PAK,455360
Sari,IRN,195882
Sariaya,PHL,114568
Sariwon,PRK,254146
Sasaram,IND,98220
Sasebo,JPN,244240
Saskatoon,CAN,193647
Sassari,ITA,120803
Satara,IND,95133
Savannakhet,LAO,96652
Saveh,IRN,111245
Sayama,JPN,162472
Scarborough,CAN,594501
Secunderabad,IND,167461
Sekondi-Takoradi,GHA,103653
Semarang,IDN,1104405
Semey,KAZ,269600
Semnan,IRN,91045
Seoul,KOR,9981619
Serampore,IND,137028
Serang,IDN,122400
Serekunda,GMB,102600
SertÃ£ozinho,BRA,98140
Sete Lagoas,BRA,182984
Seto,JPN,130470
Sevilla,ESP,701927
Sfax,TUN,257800
Shahrud,IRN,104765
Shaki,NGA,174500
Shambajinagar (Aurangabad),IND,573272
Shanghai,CHN,9696300
Shangzi,CHN,215373
Shantou,CHN,580000
Shanwei,CHN,107847
Shaoguan,CHN,350043
Shaowu,CHN,90286
Shaoyang,CHN,247227
Shashi,CHN,281352
Shenzhen,CHN,950500
Shibin al-Kawm,EGY,159909
Shihezi,CHN,299676
Shikarpur,PAK,133300
Shillong,IND,131719
Shimizu,JPN,239123
Shimoga,IND,179258
Shimonoseki,JPN,257263
Shiraz,IRN,1053025
Shishou,CHN,104571
Shivapuri,IND,108277
Shuangyashan,CHN,386081
Shubra al-Khayma,EGY,870716
Shulin,TWN,151260
Shymkent,KAZ,360100
Sikar,IND,148272
Silang,PHL,156137
Silay,PHL,107722
Siliguri (Shiliguri),IND,216950
Simferopol,UKR,339000
Sinuiju,PRK,326011
Siping,CHN,317223
Sirajganj,BGD,99669
Sirjan,IRN,135024
Sitapur,IND,121842
Sittwe (Akyab),MMR,137600
Sivas,TUR,246642
Skikda,DZA,128747
Sliven,BGR,105530
Slovjansk,UKR,127000
Slupsk,POL,102370
Smolensk,RUS,353400
Sobral,BRA,146005
Sofija,BGR,1122302
Sogamoso,COL,107728
Soka,JPN,222768
Sokoto,NGA,204900
Solapur (Sholapur),IND,604215
Soledad de Graciano SÃ¡nchez,MEX,179956
Songnam,KOR,869094
Sorocaba,BRA,466823
Sorsogon,PHL,92512
Soshanguve,ZAF,242727
Sousse,TUN,145900
South Bend,USA,107789
South Dum Dum,IND,232811
South Hill,AIA,961
Southampton,GBR,216000
Soyapango,SLV,129800
Spokane,USA,195629
Springfield,USA,152082
Springs,ZAF,162072
St Petersburg,RUS,4694000
Stanley,FLK,1636
Stara Zagora,BGR,147939
Stockport,GBR,132813
Stoke-on-Trent,GBR,252000
Sucre,BOL,178426
Sudbury,CAN,92686
Suez,EGY,417610
Suihua,CHN,227881
Suizhou,CHN,142302
Sukabumi,IDN,125766
Sukkur,PAK,329176
Sultan Kudarat,PHL,94861
SumarÃ©,BRA,186205
Sunderland,GBR,183310
Sunrise Manor,USA,95362
Suqian,CHN,105021
Surabaya,IDN,2663820
Surendranagar,IND,105973
Surgut,RUS,274900
Surigao,PHL,118534
Surrey,CAN,304477
Sutton Coldfield,GBR,106001
Suva,FJI,77366
Suzano,BRA,195434
Suzhou,CHN,151862
Suzuka,JPN,184061
Swansea,GBR,230000
Swindon,GBR,180000
Sydney,AUS,3276207
Szeged,HUN,158158
SÃ£o Bernardo do Campo,BRA,723132
SÃ£o Caetano do Sul,BRA,133321
SÃ£o Carlos,BRA,187122
SÃ£o JosÃ© do Rio Preto,BRA,351944
SÃ£o JoÃ£o de Meriti,BRA,440052
SÃ£o LuÃ­s,BRA,837588
SÃ£o Vicente,BRA,286848
SÃ©tif,DZA,179055
Tabaco,PHL,107166
TaboÃ£o da Serra,BRA,197550
Tabriz,IRN,1191043
Tachikawa,JPN,159430
Tacloban,PHL,178639
Taejon,KOR,1425835
Tafuna,ASM,5200
Taguig,PHL,467375
Tagum,PHL,179531
Tainan,TWN,728060
Taiyuan,CHN,1968400
Taizhou,CHN,152442
Taizz,YEM,317600
Tajimi,JPN,103171
Takamatsu,JPN,332471
Takaoka,JPN,174380
Takasago,JPN,97632
Takasaki,JPN,239124
Takatsuki,JPN,361747
Talavera,PHL,97329
Talca,CHL,187557
Talcahuano,CHL,277752
Talkha,EGY,97700
Tallinn,EST,403981
Tama,JPN,146712
Tamale,GHA,151069
Tampere,FIN,195468
Tampico,MEX,294789
Tanauan,PHL,117539
Tando Adam,PAK,103400
Tangail,BGD,106004
Tanger,MAR,521735
Tanjung Pinang,IDN,89900
Tanza,PHL,110517
Taonan,CHN,150168
Taranto,ITA,208214
Taraz,KAZ,330100
Tarija,BOL,125255
Tarragona,ESP,113016
Tasikmalaya,IDN,179800
TatuÃ­,BRA,93897
TaubatÃ©,BRA,229130
Taytay,PHL,198183
Tbilisi,GEO,1235200
TecÃ¡mac,MEX,172410
Tegucigalpa,HND,813900
Teheran,IRN,6758845
Teixeira de Freitas,BRA,108441
Tel Aviv-Jaffa,ISR,348100
Temapache,MEX,102824
Temuco,CHL,233041
Tenali,IND,143726
Teresina,BRA,691942
TeresÃ³polis,BRA,128079
Ternopil,UKR,236000
Terrassa,ESP,168695
Tete,MOZ,101984
Thiruvananthapuram (Trivandrum,IND,524006
ThiÃ¨s,SEN,248000
Thunder Bay,CAN,115913
Tianmen,CHN,186332
Tianshui,CHN,244974
Tiaret,DZA,100118
Tiefa,CHN,131807
Tieli,CHN,265683
Timkur,IND,138903
Tirupati,IND,174369
Tiruppur (Tirupper),IND,235661
Tiruvannamalai,IND,109196
Titagarh,IND,114085
Tlaquepaque,MEX,475472
Toda,JPN,103969
Tokai,JPN,99738
Tokorozawa,JPN,325809
Tokushima,JPN,269649
Toledo,BRA,99387
Toluca,MEX,665617
TonalÃ¡,MEX,336109
Tondabayashi,JPN,125094
Tong-yong,KOR,131717
Tongchuan,CHN,280657
Tongliao,CHN,255129
Torbat-e Heydariyeh,IRN,94600
Torino,ITA,903705
Torre del Greco,ITA,94505
TorrejÃ³n de Ardoz,ESP,92262
Tottori,JPN,147523
Townsville,AUS,109914
Toyama,JPN,325790
Toyohashi,JPN,360066
Toyonaka,JPN,396689
Toyota,JPN,346090
Trento,ITA,104906
Tres de Febrero,ARG,352311
Trieste,ITA,216459
Tsaotun,TWN,96800
Tshikapa,COD,180860
Tsu,JPN,164543
Tsukuba,JPN,160768
Tsuruoka,JPN,100713
Tsuyama,JPN,91170
Tucheng,TWN,224897
Tuguegarao,PHL,120645
Tulcea,ROM,96278
Tumen,CHN,91471
Tungi,BGD,168702
Tunja,COL,109740
Tuticorin,IND,199854
Tychy,POL,133178
TÃ¢rgoviste,ROM,98980
TÃ©bessa,DZA,112007
TÃ³rshavn,FRO,14542
TÅ¡erepovets,RUS,324400
TÅ¡erkasy,UKR,309000
TÅ¡ernivtsi,UKR,259000
Ube,JPN,175206
Uberaba,BRA,249225
UberlÃ¢ndia,BRA,487222
Ubon Ratchathani,THA,116300
Ueda,JPN,124217
Ufa,RUS,1091200
Ujjain,IND,362266
Ujung Pandang,IDN,1060257
Ulanhot,CHN,159538
Uluberia,IND,155172
Umlazi,ZAF,339233
Unnao,IND,107425
Urasoe,JPN,96002
Urawa,JPN,469675
Urayasu,JPN,127550
Uruguaiana,BRA,126305
Ust-Ilimsk,RUS,105200
Utrecht,NLD,234323
Utsunomiya,JPN,440353
Uvira,COD,115590
Vacoas-Phoenix,MUS,98464
Vadodara (Baroda),IND,1031346
Valdivia,CHL,133106
Valencia,ESP,739412
Valencia,PHL,147924
Valenzuela,PHL,485433
Valladolid,ESP,319998
Valledupar,COL,263247
Valparai,IND,106523
ValparaÃ­so,CHL,293800
Vanadzor,ARM,172700
Vancouver,CAN,514008
Vanderbijlpark,ZAF,468931
Varamin,IRN,107233
Varanasi (Benares),IND,929270
Varginha,BRA,108314
Varna,BGR,299801
Vaughan,CAN,147889
Velikije Luki,RUS,116300
Vellore,IND,175061
Venezia,ITA,277305
Vereeniging,ZAF,328535
ViamÃ£o,BRA,207557
Vicente LÃ³pez,ARG,288341
Vicenza,ITA,109738
Victoria,SYC,41000
Victoria de las Tunas,CUB,132350
Vidisha,IND,92917
Vigo,ESP,283670
Vihari,PAK,92300
Vila Velha,BRA,318758
Villa Nueva,GTM,101295
Villavicencio,COL,273140
Villeurbanne,FRA,124215
Vilnius,LTU,577969
Vinnytsja,UKR,391000
Viransehir,TUR,106400
Visalia,USA,91762
Vishakhapatnam,IND,752037
VitÃ³ria,BRA,270626
VitÃ³ria de Santo AntÃ£o,BRA,113595
Vladivostok,RUS,606200
Votorantim,BRA,91777
VÃ¡rzea Grande,BRA,214435
Wad Madani,SDN,211362
Wadi al-Sir,JOR,89104
Wafangdian,CHN,251733
Walsall,GBR,174739
Warangal,IND,447657
Wardha,IND,102985
Warri,NGA,126100
Watford,GBR,113080
Weihai,CHN,128888
Welkom,ZAF,203296
Weno,FSM,22000
West Island,CCK,167
Wien,AUT,1608144
Willemstad,ANT,2345
Winnipeg,CAN,618477
Witbank,ZAF,167183
Witten,DEU,103384
Woking/Byfleet,GBR,92000
Wolverhampton,GBR,242000
Wonderboom,ZAF,283289
Wonju,KOR,237460
Worcester,GBR,95000
Worthing,GBR,100000
Wuhan,CHN,4344600
Wuhu,CHN,425740
Wuppertal,DEU,368993
Wuwei,CHN,133101
Wuxi,CHN,830000
Wuzhou,CHN,210452
Xalapa,MEX,390058
Xiangtan,CHN,441968
Xianning,CHN,136811
Xiantao,CHN,222884
Xianyang,CHN,352125
Xiaogan,CHN,166280
Xiaoshan,CHN,162930
Xichang,CHN,134419
Xilin Hot,CHN,90646
Xingcheng,CHN,102384
Xining,CHN,700200
Xinxiang,CHN,473762
Xinyang,CHN,192509
Xinyu,CHN,173524
Xinzhou,CHN,98667
XiÂ´an,CHN,2761400
Xuchang,CHN,208815
Xuzhou,CHN,810000
Yaizu,JPN,117258
Yakeshi,CHN,377869
Yamagata,JPN,255617
Yamaguchi,JPN,138210
Yamato,JPN,208234
Yamoussoukro,CIV,130000
Yamuna Nagar,IND,144346
Yancheng,CHN,296831
Yangjiang,CHN,215196
Yangor,NRU,4050
Yangquan,CHN,362268
Yangsan,KOR,163351
Yangzhou,CHN,312892
Yanji,CHN,230892
Yantai,CHN,452127
YanÂ´an,CHN,113277
Yao,JPN,276421
YaoundÃ©,CMR,1372800
Yatsushiro,JPN,107661
YaÂ´an,CHN,95900
Yeotmal (Yavatmal),IND,108578
Yerevan,ARM,1248700
Yibin,CHN,241019
Yichang,CHN,371601
Yichun,CHN,800000
Yinchuan,CHN,544500
Yixing,CHN,200824
Yizheng,CHN,109268
Yokkaichi,JPN,288173
Yokosuka,JPN,430200
Yonago,JPN,136461
Yonezawa,JPN,95592
Yongchon,KOR,113511
YongÂ´an,CHN,111762
York,GBR,104425
Yosu,KOR,183596
Yueyang,CHN,302800
Yulin,CHN,144467
Yumen,CHN,109234
Yuncheng,CHN,108359
Yuyao,CHN,114065
Yuzhou,CHN,92889
Zaanstad,NLD,135621
Zabol,IRN,100887
Zabrze,POL,200177
Zagazig,EGY,267351
Zahedan,IRN,419518
Zama,JPN,122046
Zamboanga,PHL,601794
Zamora,MEX,161191
Zanjan,IRN,286295
Zanzibar,TZA,157634
Zaoyang,CHN,162198
Zapopan,MEX,1002239
Zenica,BIH,96027
Zhangjiagang,CHN,97994
Zhangjiakou,CHN,530000
Zhangjiang,CHN,400997
Zhangzhou,CHN,181424
Zhaodong,CHN,179976
Zhaoqing,CHN,194784
Zhengzhou,CHN,2107200
Zhezqazghan,KAZ,90000
Zhongshan,CHN,278829
Zhoukou,CHN,146288
Zhoushan,CHN,156317
Zhucheng,CHN,102134
Zhuhai,CHN,164747
Zhumadian,CHN,123232
Zhuzhou,CHN,409924
Zigong,CHN,393184
Zinacantepec,MEX,121715
Zixing,CHN,110048
Zoetermeer,NLD,110214
Zukovski,RUS,96500
Zunyi,CHN,261862
Zwolle,NLD,105819
ZÃ¼rich,CHE,336800
[San CristÃ³bal de] la Laguna,ESP,127945
al-Arish,EGY,100447
al-Ayn,ARE,225970
al-Diwaniya,IRQ,196519
al-Faiyum,EGY,260964
al-Fashir,SDN,141884
al-Hilla,IRQ,268834
al-Kharj,SAU,152100
al-Mahallat al-Kubra,EGY,395402
al-Manama,BHR,148000
al-Mansura,EGY,369621
al-Mubarraz,SAU,219100
al-Nasiriya,IRQ,265937
al-Qamishliya,SYR,144286
al-Ramadi,IRQ,192556
al-Raqqa,SYR,108020
al-Rusayfa,JOR,137247
al-Sulaymaniya,IRQ,364096
al-Taif,SAU,416100
al-Tuqba,SAU,125700
al-Zarqa,JOR,389815
Ãguas Lindas de GoiÃ¡s,BRA,89200
Ã‡orum,TUR,145495
Å ahty,RUS,221800
Å iauliai,LTU,146563
Å ostka,UKR,90000
Å umen,BGR,94686
